{
    "CallerReference": "victoria-wms-frontend-20260205-01",
    "Aliases": {
        "Quantity": 1,
        "Items": [
            "app.victoriawms.dev"
        ]
    },
    "DefaultRootObject": "index.html",
    "Origins": {
        "Quantity": 1,
        "Items": [
            {
                "Id": "S3-app.victoriawms.dev",
                "DomainName": "app.victoriawms.dev.s3.us-east-2.amazonaws.com",
                "S3OriginConfig": {
                    "OriginAccessIdentity": ""
                }
            }
        ]
    },
    "Comment": "Victoria WMS Frontend Distribution",
    "DefaultCacheBehavior": {
        "TargetOriginId": "S3-app.victoriawms.dev",
        "ForwardedValues": {
            "QueryString": false,
            "Cookies": {
                "Forward": "none"
            }
        },
        "TrustedSigners": {
            "Enabled": false,
            "Quantity": 0
        },
        "ViewerProtocolPolicy": "redirect-to-https",
        "MinTTL": 0,
        "AllowedMethods": {
            "Quantity": 2,
            "Items": [
                "GET",
                "HEAD"
            ],
            "CachedMethods": {
                "Quantity": 2,
                "Items": [
                    "GET",
                    "HEAD"
                ]
            }
        }
    },
    "CustomErrorResponses": {
        "Quantity": 2,
        "Items": [
            {
                "ErrorCode": 403,
                "ResponsePagePath": "/index.html",
                "ResponseCode": "200",
                "ErrorCachingMinTTL": 10
            },
            {
                "ErrorCode": 404,
                "ResponsePagePath": "/index.html",
                "ResponseCode": "200",
                "ErrorCachingMinTTL": 10
            }
        ]
    },
    "Enabled": true,
    "ViewerCertificate": {
        "ACMCertificateArn": "arn:aws:acm:us-east-1:625981588256:certificate/34fab516-0549-4979-84f3-ab7cc5db4d99",
        "SSLSupportMethod": "sni-only",
        "MinimumProtocolVersion": "TLSv1.2_2021"
    }
}